text_id,cohesion,syntax,vocabulary,phraseology,grammar,conventions
0000C359D63E,3.127077473791869,3.0282536435694194,3.2357453336742523,3.1168499105088214,3.032856047046791,3.081053439018154
000BAD50D026,3.127077473791869,3.0282536435694194,3.2357453336742523,3.1168499105088214,3.032856047046791,3.081053439018154
00367BB2546B,3.127077473791869,3.0282536435694194,3.2357453336742523,3.1168499105088214,3.032856047046791,3.081053439018154
