text_id,cohesion,syntax,vocabulary,phraseology,grammar,conventions
0000C359D63E,3.5098445,3.0750577,3.331255,3.1784542,3.1545577,3.33755
000BAD50D026,3.257802,3.0498407,3.3854008,3.4032903,3.0297537,3.054603
00367BB2546B,3.743389,3.5376892,3.5805993,3.373722,3.4387932,3.744458
