text_id,cohesion,syntax,vocabulary,phraseology,grammar,conventions
0000C359D63E,3.375704,3.175569,3.3665185,3.3763192,3.151475,3.2728837
000BAD50D026,3.3416333,3.1318235,3.3881595,3.1415646,3.1871712,3.2017174
00367BB2546B,3.7802155,3.502886,3.9107623,3.7809057,3.628125,3.6386893
