text_id,cohesion,syntax,vocabulary,phraseology,grammar,conventions
0000C359D63E,2.946073,2.6614456,3.048994,2.9326444,2.699468,2.8273711
000BAD50D026,2.7464402,2.5364423,2.7682014,2.586338,2.4080594,2.647885
00367BB2546B,3.5325353,3.3869872,3.624868,3.4599407,3.3325577,3.4113522
