text_id,cohesion,syntax,vocabulary,phraseology,grammar,conventions
0000C359D63E,2.898562431335449,2.774820566177368,3.027768611907959,2.9309000968933105,2.7509098052978516,2.831319808959961
000BAD50D026,2.965475559234619,2.8233017921447754,3.0415537357330322,2.885925769805908,2.757080078125,2.882537841796875
00367BB2546B,3.3833999633789062,3.2721166610717773,3.491084337234497,3.3995585441589355,3.2923665046691895,3.3668441772460938
