text_id,cohesion,syntax,vocabulary,phraseology,grammar,conventions
0000C359D63E,2.7535147666931152,2.6632511615753174,2.888180732727051,2.7877800464630127,2.689805030822754,2.6820483207702637
000BAD50D026,2.888418674468994,2.7664031982421875,2.9804887771606445,2.8261678218841553,2.7288501262664795,2.822220802307129
00367BB2546B,3.467742919921875,3.3246607780456543,3.5237512588500977,3.483706474304199,3.3365678787231445,3.450061798095703
